category,context_condition,model,neg_Non-target,neg_Target,nonneg_Non-target,nonneg_Target,new_bias_score,accuracy,acc_bias,x
Age,ambig,ablation_Llama-3.1-8B-Instruct_pred_arc,39.0,281.0,88.0,222.0,0.5968253968253969,0.3181818181818182,40.6926406926407,0
Age,ambig,ablation_Llama-3.1-8B-Instruct_pred_qonly,70.0,305.0,102.0,331.0,0.5742574257425743,0.2887323943661972,40.845070422535215,0
Age,ambig,ablation_Llama-3.1-8B-Instruct_pred_race,58.0,270.0,98.0,277.0,0.5561877667140824,0.2948846539618857,39.21765295887663,0
Age,ambig,actadd_Llama-3.1-8B-Instruct_pred_arc,121.0,231.0,121.0,223.0,0.3045977011494252,0.21621621621621623,23.873873873873865,0
Age,ambig,actadd_Llama-3.1-8B-Instruct_pred_qonly,104.0,292.0,157.0,269.0,0.36496350364963503,0.4497991967871486,20.08032128514056,0
Age,ambig,actadd_Llama-3.1-8B-Instruct_pred_race,118.0,305.0,152.0,211.0,0.3129770992366412,0.3541495480690222,20.21364009860312,0
Age,ambig,baseline_Llama-3.1-8B-Instruct_pred_arc,28.0,216.0,68.0,222.0,0.6404494382022472,0.3283018867924528,43.01886792452831,0
Age,ambig,baseline_Llama-3.1-8B-Instruct_pred_qonly,39.0,252.0,93.0,250.0,0.5835962145110409,0.34232365145228216,38.38174273858921,0
Age,ambig,baseline_Llama-3.1-8B-Instruct_pred_race,37.0,239.0,84.0,261.0,0.6103059581320451,0.3014623172103487,42.63217097862767,0
Age,ambig,deberta_base,159.0,416.0,155.0,352.0,0.4195933456561922,0.41195652173913044,24.67391304347826,0
Age,ambig,deberta_large,140.0,555.0,209.0,358.0,0.44690966719492864,0.3141304347826087,30.652173913043473,0
Age,ambig,roberta_base,264.0,305.0,336.0,411.0,0.08814589665653494,0.2847826086956522,6.304347826086955,0
Age,ambig,roberta_large,124.0,293.0,256.0,305.0,0.2229038854805725,0.46847826086956523,11.847826086956516,0
Age,ambig,unifiedqa_baseline_qonly,57.0,580.0,111.0,533.0,0.7377049180327868,0.3034257748776509,51.386623164763456,0
Age,ambig,unifiedqa_format_arc,56.0,549.0,102.0,509.0,0.7401315789473684,0.3387710712343665,48.93964110929853,0
Age,ambig,unifiedqa_format_race,48.0,340.0,95.0,351.0,0.6570743405275778,0.5467391304347826,29.78260869565217,0
Age,disambig,ablation_Llama-3.1-8B-Instruct_pred_arc,251.0,265.0,162.0,188.0,0.04618937644341803,0.8978185993111366,4.618937644341803,0
Age,disambig,ablation_Llama-3.1-8B-Instruct_pred_qonly,68.0,303.0,105.0,324.0,0.5674999999999999,0.3542402826855124,56.749999999999986,0
Age,disambig,ablation_Llama-3.1-8B-Instruct_pred_race,247.0,302.0,155.0,264.0,0.16942148760330578,0.7975460122699386,16.94214876033058,0
Age,disambig,actadd_Llama-3.1-8B-Instruct_pred_arc,254.0,300.0,210.0,254.0,0.08840864440078589,0.8092933204259438,8.840864440078589,0
Age,disambig,actadd_Llama-3.1-8B-Instruct_pred_qonly,102.0,297.0,151.0,278.0,0.38888888888888884,0.2759084791386272,38.888888888888886,0
Age,disambig,actadd_Llama-3.1-8B-Instruct_pred_race,193.0,304.0,183.0,255.0,0.1957219251336899,0.5863770977295163,19.57219251336899,0
Age,disambig,baseline_Llama-3.1-8B-Instruct_pred_arc,201.0,199.0,111.0,128.0,0.023474178403755763,0.9110764430577223,2.3474178403755763,0
Age,disambig,baseline_Llama-3.1-8B-Instruct_pred_qonly,37.0,250.0,97.0,262.0,0.585139318885449,0.3278520041109969,58.5139318885449,0
Age,disambig,baseline_Llama-3.1-8B-Instruct_pred_race,188.0,246.0,129.0,196.0,0.16469038208168651,0.8237597911227154,16.46903820816865,0
Age,disambig,deberta_base,392.0,447.0,388.0,405.0,0.044117647058823595,0.778804347826087,4.4117647058823595,0
Age,disambig,deberta_large,456.0,460.0,424.0,463.0,0.023849140321686058,0.9706521739130435,2.3849140321686058,0
Age,disambig,roberta_base,442.0,370.0,415.0,437.0,-0.030048076923076872,0.6304347826086957,-3.004807692307687,0
Age,disambig,roberta_large,428.0,452.0,408.0,430.0,0.02677532013969741,0.907608695652174,2.677532013969741,0
Age,disambig,unifiedqa_baseline_qonly,57.0,580.0,111.0,533.0,0.7377049180327868,0.3458401305057096,73.77049180327869,0
Age,disambig,unifiedqa_format_arc,423.0,457.0,377.0,398.0,0.0332326283987916,0.8961956521739131,3.3232628398791597,0
Age,disambig,unifiedqa_format_race,447.0,458.0,403.0,412.0,0.011627906976744207,0.9347826086956522,1.1627906976744207,0
Disability_status,ambig,ablation_Llama-3.1-8B-Instruct_pred_arc,11.0,88.0,61.0,24.0,0.21739130434782616,0.44410876132930516,12.08459214501511,0
Disability_status,ambig,ablation_Llama-3.1-8B-Instruct_pred_qonly,20.0,120.0,103.0,42.0,0.13684210526315788,0.4,8.210526315789473,0
Disability_status,ambig,ablation_Llama-3.1-8B-Instruct_pred_race,17.0,132.0,111.0,40.0,0.14666666666666672,0.29906542056074764,10.280373831775705,0
Disability_status,ambig,actadd_Llama-3.1-8B-Instruct_pred_arc,38.0,129.0,115.0,43.0,0.058461538461538565,0.282560706401766,4.194260485651221,0
Disability_status,ambig,actadd_Llama-3.1-8B-Instruct_pred_qonly,52.0,121.0,104.0,39.0,0.012658227848101333,0.4819672131147541,0.6557377049180363,0
Disability_status,ambig,actadd_Llama-3.1-8B-Instruct_pred_race,45.0,173.0,138.0,29.0,0.049350649350649256,0.2421259842519685,3.740157480314953,0
Disability_status,ambig,baseline_Llama-3.1-8B-Instruct_pred_arc,11.0,41.0,45.0,19.0,0.034482758620689724,0.546875,1.562500000000003,0
Disability_status,ambig,baseline_Llama-3.1-8B-Instruct_pred_qonly,13.0,96.0,61.0,29.0,0.256281407035176,0.5158150851581509,12.408759124087595,0
Disability_status,ambig,baseline_Llama-3.1-8B-Instruct_pred_race,15.0,83.0,74.0,26.0,0.101010101010101,0.38125,6.249999999999999,0
Disability_status,ambig,deberta_base,55.0,204.0,139.0,73.0,0.17622080679405516,0.39460154241645246,10.668380462724935,0
Disability_status,ambig,deberta_large,69.0,288.0,72.0,151.0,0.5137931034482759,0.2544987146529563,38.30334190231363,0
Disability_status,ambig,roberta_base,28.0,165.0,126.0,66.0,0.19999999999999996,0.5051413881748072,9.897172236503852,0
Disability_status,ambig,roberta_large,40.0,137.0,97.0,135.0,0.33007334963325174,0.47429305912596403,17.352185089974288,0
Disability_status,ambig,unifiedqa_baseline_qonly,43.0,161.0,35.0,149.0,0.597938144329897,0.5012853470437018,29.820051413881753,0
Disability_status,ambig,unifiedqa_format_arc,44.0,240.0,78.0,136.0,0.5100401606425702,0.35989717223650386,32.6478149100257,0
Disability_status,ambig,unifiedqa_format_race,36.0,169.0,63.0,95.0,0.4545454545454546,0.5334190231362468,21.20822622107969,0
Disability_status,disambig,ablation_Llama-3.1-8B-Instruct_pred_arc,87.0,126.0,121.0,87.0,0.01187648456057011,0.9389671361502347,1.187648456057011,0
Disability_status,disambig,ablation_Llama-3.1-8B-Instruct_pred_qonly,18.0,120.0,101.0,45.0,0.1619718309859155,0.2910602910602911,16.19718309859155,0
Disability_status,disambig,ablation_Llama-3.1-8B-Instruct_pred_race,72.0,162.0,183.0,94.0,0.001956947162426559,0.86328125,0.1956947162426559,0
Disability_status,disambig,actadd_Llama-3.1-8B-Instruct_pred_arc,73.0,122.0,145.0,66.0,-0.07389162561576357,0.740990990990991,-7.389162561576357,0
Disability_status,disambig,actadd_Llama-3.1-8B-Instruct_pred_qonly,53.0,121.0,103.0,36.0,0.0031948881789136685,0.2565789473684211,0.31948881789136685,0
Disability_status,disambig,actadd_Llama-3.1-8B-Instruct_pred_race,51.0,141.0,140.0,50.0,0.0,0.5055928411633109,0.0,0
Disability_status,disambig,baseline_Llama-3.1-8B-Instruct_pred_arc,57.0,106.0,108.0,66.0,0.020771513353115667,0.872093023255814,2.0771513353115667,0
Disability_status,disambig,baseline_Llama-3.1-8B-Instruct_pred_qonly,12.0,93.0,55.0,34.0,0.30927835051546393,0.24060150375939848,30.927835051546392,0
Disability_status,disambig,baseline_Llama-3.1-8B-Instruct_pred_race,81.0,106.0,147.0,63.0,-0.1486146095717884,0.8242574257425742,-14.86146095717884,0
Disability_status,disambig,deberta_base,150.0,176.0,138.0,163.0,0.08133971291866038,0.7699228791773779,8.133971291866038,0
Disability_status,disambig,deberta_large,188.0,197.0,190.0,194.0,0.016905071521456483,0.9884318766066839,1.6905071521456483,0
Disability_status,disambig,roberta_base,118.0,185.0,138.0,100.0,0.05360443622920519,0.5141388174807198,5.360443622920519,0
Disability_status,disambig,roberta_large,179.0,195.0,142.0,165.0,0.05726872246696035,0.8650385604113111,5.726872246696035,0
Disability_status,disambig,unifiedqa_baseline_qonly,43.0,161.0,35.0,149.0,0.597938144329897,0.2442159383033419,59.7938144329897,0
Disability_status,disambig,unifiedqa_format_arc,183.0,186.0,181.0,173.0,-0.006915629322268302,0.9203084832904884,-0.6915629322268302,0
Disability_status,disambig,unifiedqa_format_race,186.0,191.0,183.0,168.0,-0.013736263736263687,0.9280205655526992,-1.3736263736263687,0
Gender_identity,ambig,ablation_Llama-3.1-8B-Instruct_pred_arc,2.0,21.0,40.0,10.0,-0.15068493150684936,0.4785714285714286,-7.8571428571428585,0
Gender_identity,ambig,ablation_Llama-3.1-8B-Instruct_pred_qonly,6.0,42.0,49.0,7.0,-0.05769230769230771,0.4926829268292683,-2.9268292682926838,0
Gender_identity,ambig,ablation_Llama-3.1-8B-Instruct_pred_race,0.0,18.0,20.0,6.0,0.09090909090909083,0.6615384615384615,3.0769230769230744,0
Gender_identity,ambig,actadd_Llama-3.1-8B-Instruct_pred_arc,2.0,42.0,33.0,9.0,0.18604651162790709,0.29508196721311475,13.114754098360665,0
Gender_identity,ambig,actadd_Llama-3.1-8B-Instruct_pred_qonly,11.0,45.0,29.0,29.0,0.29824561403508776,0.5793357933579336,12.546125461254611,0
Gender_identity,ambig,actadd_Llama-3.1-8B-Instruct_pred_race,9.0,37.0,21.0,8.0,0.19999999999999996,0.4186046511627907,11.627906976744182,0
Gender_identity,ambig,baseline_Llama-3.1-8B-Instruct_pred_arc,0.0,11.0,17.0,4.0,-0.0625,0.7762237762237763,-1.3986013986013983,0
Gender_identity,ambig,baseline_Llama-3.1-8B-Instruct_pred_qonly,2.0,27.0,20.0,7.0,0.2142857142857142,0.6477987421383647,7.547169811320751,0
Gender_identity,ambig,baseline_Llama-3.1-8B-Instruct_pred_race,0.0,12.0,8.0,3.0,0.30434782608695654,0.8402777777777778,4.861111111111112,0
Gender_identity,ambig,deberta_base,12.0,75.0,51.0,37.0,0.28,0.5111731843575419,13.68715083798883,0
Gender_identity,ambig,deberta_large,16.0,90.0,36.0,53.0,0.46666666666666656,0.4553072625698324,25.418994413407813,0
Gender_identity,ambig,roberta_base,12.0,42.0,51.0,16.0,-0.04132231404958675,0.6620111731843575,-1.3966480446927365,0
Gender_identity,ambig,roberta_large,12.0,31.0,51.0,39.0,0.05263157894736836,0.6284916201117319,1.95530726256983,0
Gender_identity,ambig,unifiedqa_baseline_qonly,36.0,42.0,7.0,93.0,0.5168539325842696,0.5027932960893855,25.698324022346362,0
Gender_identity,ambig,unifiedqa_format_arc,39.0,72.0,8.0,97.0,0.5648148148148149,0.39664804469273746,34.0782122905028,0
Gender_identity,ambig,unifiedqa_format_race,19.0,55.0,13.0,31.0,0.4576271186440677,0.6703910614525139,15.083798882681561,0
Gender_identity,disambig,ablation_Llama-3.1-8B-Instruct_pred_arc,28.0,28.0,36.0,26.0,-0.0847457627118644,0.9256198347107438,-8.47457627118644,0
Gender_identity,disambig,ablation_Llama-3.1-8B-Instruct_pred_qonly,4.0,44.0,42.0,7.0,0.05154639175257736,0.2613065326633166,5.154639175257736,0
Gender_identity,disambig,ablation_Llama-3.1-8B-Instruct_pred_race,26.0,40.0,34.0,14.0,-0.052631578947368474,0.8173913043478261,-5.263157894736848,0
Gender_identity,disambig,actadd_Llama-3.1-8B-Instruct_pred_arc,16.0,31.0,49.0,38.0,0.029850746268656803,0.7867647058823529,2.9850746268656803,0
Gender_identity,disambig,actadd_Llama-3.1-8B-Instruct_pred_qonly,13.0,47.0,32.0,27.0,0.24369747899159666,0.2087912087912088,24.369747899159666,0
Gender_identity,disambig,actadd_Llama-3.1-8B-Instruct_pred_race,8.0,32.0,21.0,16.0,0.24675324675324672,0.5056179775280899,24.675324675324674,0
Gender_identity,disambig,baseline_Llama-3.1-8B-Instruct_pred_arc,14.0,19.0,18.0,19.0,0.08571428571428563,0.8961038961038961,8.571428571428562,0
Gender_identity,disambig,baseline_Llama-3.1-8B-Instruct_pred_qonly,2.0,30.0,22.0,8.0,0.22580645161290325,0.21739130434782608,22.580645161290324,0
Gender_identity,disambig,baseline_Llama-3.1-8B-Instruct_pred_race,18.0,33.0,13.0,9.0,0.15068493150684925,0.8831168831168831,15.068493150684926,0
Gender_identity,disambig,deberta_base,79.0,65.0,72.0,83.0,-0.010033444816053505,0.8184357541899442,-1.0033444816053505,0
Gender_identity,disambig,deberta_large,88.0,88.0,64.0,62.0,-0.0066225165562914245,0.8435754189944135,-0.6622516556291425,0
Gender_identity,disambig,roberta_base,41.0,84.0,51.0,54.0,0.19999999999999996,0.4664804469273743,19.999999999999996,0
Gender_identity,disambig,roberta_large,74.0,75.0,77.0,77.0,0.0033003300330032292,0.8435754189944135,0.3300330033003229,0
Gender_identity,disambig,unifiedqa_baseline_qonly,36.0,42.0,7.0,93.0,0.5168539325842696,0.25977653631284914,51.685393258426956,0
Gender_identity,disambig,unifiedqa_format_arc,76.0,76.0,67.0,68.0,0.0034843205574912606,0.7988826815642458,0.34843205574912606,0
Gender_identity,disambig,unifiedqa_format_race,75.0,82.0,67.0,63.0,0.010452961672473782,0.7988826815642458,1.0452961672473782,0
Gender_identity (names),ambig,ablation_Llama-3.1-8B-Instruct_pred_arc,6.0,16.0,24.0,47.0,0.35483870967741926,0.8333333333333334,5.913978494623652,0
Gender_identity (names),ambig,ablation_Llama-3.1-8B-Instruct_pred_qonly,7.0,34.0,41.0,45.0,0.2440944881889764,0.6887254901960784,7.598039215686275,0
Gender_identity (names),ambig,ablation_Llama-3.1-8B-Instruct_pred_race,15.0,39.0,51.0,76.0,0.270718232044199,0.5370843989769821,12.531969309462918,0
Gender_identity (names),ambig,actadd_Llama-3.1-8B-Instruct_pred_arc,66.0,120.0,116.0,142.0,0.18018018018018012,0.5276595744680851,8.510638297872337,0
Gender_identity (names),ambig,actadd_Llama-3.1-8B-Instruct_pred_qonly,154.0,296.0,249.0,244.0,0.14528101802757165,0.5324739712444224,6.792265741199804,0
Gender_identity (names),ambig,actadd_Llama-3.1-8B-Instruct_pred_race,134.0,191.0,170.0,157.0,0.06748466257668717,0.3900841908325538,4.1159962581852225,0
Gender_identity (names),ambig,baseline_Llama-3.1-8B-Instruct_pred_arc,4.0,19.0,21.0,32.0,0.3421052631578947,0.81,6.499999999999997,0
Gender_identity (names),ambig,baseline_Llama-3.1-8B-Instruct_pred_qonly,6.0,41.0,26.0,21.0,0.31914893617021267,0.7044025157232704,9.433962264150942,0
Gender_identity (names),ambig,baseline_Llama-3.1-8B-Instruct_pred_race,7.0,27.0,38.0,36.0,0.16666666666666674,0.6072727272727273,6.545454545454548,0
Gender_identity (names),ambig,deberta_base,119.0,290.0,253.0,399.0,0.2987747408105561,0.5756,12.680000000000003,0
Gender_identity (names),ambig,deberta_large,280.0,672.0,226.0,660.0,0.4494015233949946,0.2648,33.040000000000006,0
Gender_identity (names),ambig,roberta_base,103.0,110.0,216.0,318.0,0.14591700133868812,0.7012,4.36,0
Gender_identity (names),ambig,roberta_large,121.0,266.0,259.0,432.0,0.29499072356215206,0.5688,12.719999999999999,0
Gender_identity (names),ambig,unifiedqa_baseline_qonly,70.0,534.0,68.0,655.0,0.7920120572720422,0.4692,42.03999999999999,0
Gender_identity (names),ambig,unifiedqa_format_arc,145.0,612.0,78.0,692.0,0.7079240340537001,0.3892,43.24,0
Gender_identity (names),ambig,unifiedqa_format_race,68.0,437.0,78.0,535.0,0.7388193202146691,0.5528,33.040000000000006,0
Gender_identity (names),disambig,ablation_Llama-3.1-8B-Instruct_pred_arc,301.0,309.0,337.0,342.0,0.010085337470907785,0.9526764934057409,1.0085337470907785,0
Gender_identity (names),disambig,ablation_Llama-3.1-8B-Instruct_pred_qonly,7.0,38.0,44.0,45.0,0.23880597014925375,0.16826923076923078,23.880597014925375,0
Gender_identity (names),disambig,ablation_Llama-3.1-8B-Instruct_pred_race,318.0,439.0,262.0,291.0,0.11450381679389321,0.904833836858006,11.45038167938932,0
Gender_identity (names),disambig,actadd_Llama-3.1-8B-Instruct_pred_arc,285.0,347.0,332.0,294.0,0.019077901430842648,0.8536964980544747,1.9077901430842648,0
Gender_identity (names),disambig,actadd_Llama-3.1-8B-Instruct_pred_qonly,160.0,296.0,248.0,238.0,0.13375796178343946,0.24396254312469196,13.375796178343947,0
Gender_identity (names),disambig,actadd_Llama-3.1-8B-Instruct_pred_race,207.0,311.0,248.0,271.0,0.12246865959498554,0.552652414885194,12.246865959498553,0
Gender_identity (names),disambig,baseline_Llama-3.1-8B-Instruct_pred_arc,268.0,285.0,253.0,248.0,0.011385199240986799,0.959203036053131,1.1385199240986799,0
Gender_identity (names),disambig,baseline_Llama-3.1-8B-Instruct_pred_qonly,4.0,47.0,24.0,23.0,0.4285714285714286,0.13230769230769232,42.85714285714286,0
Gender_identity (names),disambig,baseline_Llama-3.1-8B-Instruct_pred_race,315.0,425.0,235.0,247.0,0.09983633387888702,0.9099025974025974,9.983633387888702,0
Gender_identity (names),disambig,deberta_base,512.0,606.0,551.0,563.0,0.04749103942652333,0.8536,4.749103942652333,0
Gender_identity (names),disambig,deberta_large,624.0,625.0,603.0,613.0,0.0044624746450303565,0.986,0.44624746450303565,0
Gender_identity (names),disambig,roberta_base,442.0,450.0,405.0,491.0,0.05257270693512295,0.5916,5.257270693512295,0
Gender_identity (names),disambig,roberta_large,529.0,579.0,526.0,541.0,0.029885057471264354,0.8412,2.9885057471264354,0
Gender_identity (names),disambig,unifiedqa_baseline_qonly,70.0,534.0,68.0,655.0,0.7920120572720422,0.2676,79.20120572720421,0
Gender_identity (names),disambig,unifiedqa_format_arc,563.0,609.0,519.0,553.0,0.035650623885918,0.8956,3.5650623885918,0
Gender_identity (names),disambig,unifiedqa_format_race,590.0,611.0,547.0,553.0,0.011734028683181297,0.9204,1.1734028683181297,0
Nationality,ambig,ablation_Llama-3.1-8B-Instruct_pred_arc,50.0,195.0,48.0,97.0,0.49743589743589745,0.5340501792114696,23.178016726403822,0
Nationality,ambig,ablation_Llama-3.1-8B-Instruct_pred_qonly,33.0,103.0,32.0,38.0,0.3689320388349515,0.6496598639455783,12.925170068027212,0
Nationality,ambig,ablation_Llama-3.1-8B-Instruct_pred_race,40.0,192.0,84.0,93.0,0.39364303178484117,0.5399325084364455,18.110236220472444,0
Nationality,ambig,actadd_Llama-3.1-8B-Instruct_pred_arc,96.0,156.0,83.0,119.0,0.21145374449339216,0.5102481121898598,10.355987055016186,0
Nationality,ambig,actadd_Llama-3.1-8B-Instruct_pred_qonly,108.0,139.0,101.0,140.0,0.14344262295081966,0.6214119472459271,5.430566330488751,0
Nationality,ambig,actadd_Llama-3.1-8B-Instruct_pred_race,91.0,122.0,83.0,115.0,0.15328467153284664,0.6059443911792906,6.040268456375835,0
Nationality,ambig,baseline_Llama-3.1-8B-Instruct_pred_arc,35.0,131.0,41.0,71.0,0.4532374100719425,0.5231560891938251,21.61234991423671,0
Nationality,ambig,baseline_Llama-3.1-8B-Instruct_pred_qonly,26.0,68.0,21.0,39.0,0.3896103896103895,0.664488017429194,13.071895424836596,0
Nationality,ambig,baseline_Llama-3.1-8B-Instruct_pred_race,45.0,130.0,78.0,86.0,0.2743362831858407,0.5029325513196481,13.636363636363635,0
Nationality,ambig,deberta_base,130.0,338.0,138.0,213.0,0.34554334554334565,0.4681818181818182,18.376623376623378,0
Nationality,ambig,deberta_large,158.0,431.0,211.0,252.0,0.2984790874524714,0.3168831168831169,20.389610389610386,0
Nationality,ambig,roberta_base,71.0,80.0,119.0,144.0,0.08212560386473422,0.7311688311688311,2.207792207792206,0
Nationality,ambig,roberta_large,166.0,207.0,224.0,261.0,0.09090909090909083,0.44285714285714284,5.06493506493506,0
Nationality,ambig,unifiedqa_baseline_qonly,94.0,252.0,104.0,203.0,0.3935681470137826,0.575974025974026,16.68831168831169,0
Nationality,ambig,unifiedqa_format_arc,136.0,328.0,202.0,233.0,0.24805339265850956,0.41623376623376623,14.480519480519485,0
Nationality,ambig,unifiedqa_format_race,89.0,176.0,127.0,132.0,0.17557251908396942,0.6597402597402597,5.974025974025973,0
Nationality,disambig,ablation_Llama-3.1-8B-Instruct_pred_arc,307.0,331.0,231.0,217.0,0.009208103130755152,0.9409090909090909,0.9208103130755152,0
Nationality,disambig,ablation_Llama-3.1-8B-Instruct_pred_qonly,36.0,104.0,33.0,37.0,0.34285714285714275,0.16387959866220736,34.28571428571428,0
Nationality,disambig,ablation_Llama-3.1-8B-Instruct_pred_race,288.0,344.0,271.0,291.0,0.06365159128978215,0.8340248962655602,6.365159128978215,0
Nationality,disambig,actadd_Llama-3.1-8B-Instruct_pred_arc,200.0,243.0,238.0,241.0,0.049891540130151846,0.8264794383149449,4.989154013015185,0
Nationality,disambig,actadd_Llama-3.1-8B-Instruct_pred_qonly,100.0,135.0,106.0,141.0,0.14522821576763478,0.17082683307332294,14.522821576763478,0
Nationality,disambig,actadd_Llama-3.1-8B-Instruct_pred_race,122.0,192.0,156.0,142.0,0.0915032679738561,0.46856465005931197,9.15032679738561,0
Nationality,disambig,baseline_Llama-3.1-8B-Instruct_pred_arc,234.0,257.0,185.0,166.0,0.004750593824228044,0.9433293978748524,0.47505938242280443,0
Nationality,disambig,baseline_Llama-3.1-8B-Instruct_pred_qonly,30.0,68.0,16.0,40.0,0.4025974025974026,0.15973741794310722,40.25974025974026,0
Nationality,disambig,baseline_Llama-3.1-8B-Instruct_pred_race,237.0,268.0,235.0,243.0,0.03967446592065116,0.8139303482587065,3.967446592065116,0
Nationality,disambig,deberta_base,345.0,372.0,309.0,361.0,0.05695746214852204,0.8168831168831169,5.695746214852204,0
Nationality,disambig,deberta_large,385.0,384.0,347.0,376.0,0.018766756032171594,0.9655844155844155,1.8766756032171594,0
Nationality,disambig,roberta_base,252.0,257.0,296.0,290.0,-0.0009132420091324533,0.5006493506493507,-0.09132420091324533,0
Nationality,disambig,roberta_large,374.0,378.0,323.0,329.0,0.007122507122507171,0.8961038961038961,0.7122507122507171,0
Nationality,disambig,unifiedqa_baseline_qonly,94.0,252.0,104.0,203.0,0.3935681470137826,0.21753246753246752,39.35681470137826,0
Nationality,disambig,unifiedqa_format_arc,371.0,360.0,350.0,358.0,-0.0020847810979847115,0.9285714285714286,-0.20847810979847115,0
Nationality,disambig,unifiedqa_format_race,362.0,364.0,353.0,368.0,0.011748445058742174,0.937012987012987,1.1748445058742174,0
Physical_appearance,ambig,ablation_Llama-3.1-8B-Instruct_pred_arc,8.0,63.0,40.0,57.0,0.4285714285714286,0.6470588235294118,15.126050420168067,0
Physical_appearance,ambig,ablation_Llama-3.1-8B-Instruct_pred_qonly,15.0,99.0,66.0,71.0,0.3545816733067728,0.5173076923076924,17.11538461538461,0
Physical_appearance,ambig,ablation_Llama-3.1-8B-Instruct_pred_race,16.0,66.0,47.0,54.0,0.3114754098360655,0.5704225352112676,13.38028169014084,0
Physical_appearance,ambig,actadd_Llama-3.1-8B-Instruct_pred_arc,43.0,79.0,57.0,89.0,0.25373134328358216,0.4856046065259117,13.051823416506721,0
Physical_appearance,ambig,actadd_Llama-3.1-8B-Instruct_pred_qonly,49.0,99.0,66.0,71.0,0.1929824561403508,0.5635528330781011,8.422664624808572,0
Physical_appearance,ambig,actadd_Llama-3.1-8B-Instruct_pred_race,42.0,78.0,54.0,57.0,0.16883116883116878,0.5416666666666666,7.7380952380952355,0
Physical_appearance,ambig,baseline_Llama-3.1-8B-Instruct_pred_arc,10.0,64.0,25.0,45.0,0.5138888888888888,0.6981132075471698,15.513626834381553,0
Physical_appearance,ambig,baseline_Llama-3.1-8B-Instruct_pred_qonly,12.0,81.0,41.0,53.0,0.4331550802139037,0.626746506986028,16.16766467065868,0
Physical_appearance,ambig,baseline_Llama-3.1-8B-Instruct_pred_race,18.0,53.0,17.0,39.0,0.44881889763779537,0.6371428571428571,16.28571428571429,0
Physical_appearance,ambig,deberta_base,49.0,229.0,67.0,210.0,0.581981981981982,0.2792207792207792,41.94805194805195,0
Physical_appearance,ambig,deberta_large,99.0,239.0,35.0,197.0,0.5298245614035089,0.2597402597402597,39.22077922077923,0
Physical_appearance,ambig,roberta_base,49.0,175.0,130.0,139.0,0.27383367139959436,0.35974025974025975,17.532467532467535,0
Physical_appearance,ambig,roberta_large,23.0,200.0,38.0,183.0,0.7252252252252251,0.42337662337662335,41.81818181818181,0
Physical_appearance,ambig,unifiedqa_baseline_qonly,17.0,146.0,40.0,182.0,0.7038961038961038,0.49607329842931935,35.47120418848167,0
Physical_appearance,ambig,unifiedqa_format_arc,35.0,228.0,19.0,197.0,0.7745302713987474,0.3730366492146597,48.560209424083766,0
Physical_appearance,ambig,unifiedqa_format_race,20.0,174.0,13.0,178.0,0.8285714285714285,0.49738903394255873,41.64490861618798,0
Physical_appearance,disambig,ablation_Llama-3.1-8B-Instruct_pred_arc,124.0,123.0,87.0,98.0,0.02314814814814814,0.8148984198645598,2.314814814814814,0
Physical_appearance,disambig,ablation_Llama-3.1-8B-Instruct_pred_qonly,11.0,103.0,64.0,70.0,0.39516129032258074,0.27724665391969405,39.51612903225807,0
Physical_appearance,disambig,ablation_Llama-3.1-8B-Instruct_pred_race,111.0,131.0,127.0,89.0,-0.0393013100436681,0.7145790554414785,-3.9301310043668103,0
Physical_appearance,disambig,actadd_Llama-3.1-8B-Instruct_pred_arc,65.0,105.0,95.0,104.0,0.13279132791327908,0.5625,13.279132791327907,0
Physical_appearance,disambig,actadd_Llama-3.1-8B-Instruct_pred_qonly,48.0,97.0,66.0,70.0,0.18861209964412806,0.23186119873817035,18.861209964412808,0
Physical_appearance,disambig,actadd_Llama-3.1-8B-Instruct_pred_race,55.0,88.0,66.0,62.0,0.10701107011070121,0.4029126213592233,10.701107011070121,0
Physical_appearance,disambig,baseline_Llama-3.1-8B-Instruct_pred_arc,98.0,110.0,71.0,69.0,0.028735632183908066,0.7617801047120419,2.8735632183908066,0
Physical_appearance,disambig,baseline_Llama-3.1-8B-Instruct_pred_qonly,10.0,78.0,36.0,57.0,0.4917127071823204,0.20717131474103587,49.17127071823204,0
Physical_appearance,disambig,baseline_Llama-3.1-8B-Instruct_pred_race,79.0,124.0,101.0,66.0,0.027027027027026973,0.6571428571428571,2.7027027027026973,0
Physical_appearance,disambig,deberta_base,178.0,182.0,144.0,167.0,0.04023845007451565,0.7532467532467533,4.023845007451565,0
Physical_appearance,disambig,deberta_large,202.0,183.0,195.0,175.0,-0.051655629139072845,0.8844155844155844,-5.1655629139072845,0
Physical_appearance,disambig,roberta_base,96.0,184.0,131.0,140.0,0.17604355716878395,0.44545454545454544,17.604355716878395,0
Physical_appearance,disambig,roberta_large,176.0,179.0,181.0,158.0,-0.028818443804034533,0.7909090909090909,-2.8818443804034533,0
Physical_appearance,disambig,unifiedqa_baseline_qonly,17.0,146.0,40.0,182.0,0.7038961038961038,0.2774869109947644,70.38961038961038,0
Physical_appearance,disambig,unifiedqa_format_arc,182.0,172.0,156.0,155.0,-0.016541353383458635,0.7843137254901961,-1.6541353383458635,0
Physical_appearance,disambig,unifiedqa_format_race,190.0,175.0,155.0,155.0,-0.022222222222222254,0.8183006535947712,-2.2222222222222254,0
Race_ethnicity,ambig,ablation_Llama-3.1-8B-Instruct_pred_arc,7.0,51.0,19.0,39.0,0.5517241379310345,0.795774647887324,11.267605633802814,0
Race_ethnicity,ambig,ablation_Llama-3.1-8B-Instruct_pred_qonly,6.0,67.0,54.0,20.0,0.18367346938775508,0.6573426573426573,6.293706293706294,0
Race_ethnicity,ambig,ablation_Llama-3.1-8B-Instruct_pred_race,14.0,63.0,44.0,25.0,0.20547945205479445,0.709741550695825,5.964214711729621,0
Race_ethnicity,ambig,actadd_Llama-3.1-8B-Instruct_pred_arc,42.0,55.0,64.0,64.0,0.057777777777777706,0.6370967741935484,2.0967741935483843,0
Race_ethnicity,ambig,actadd_Llama-3.1-8B-Instruct_pred_qonly,35.0,86.0,87.0,58.0,0.08270676691729317,0.6637168141592921,2.7812895069532213,0
Race_ethnicity,ambig,actadd_Llama-3.1-8B-Instruct_pred_race,32.0,85.0,82.0,46.0,0.06938775510204076,0.618380062305296,2.647975077881618,0
Race_ethnicity,ambig,baseline_Llama-3.1-8B-Instruct_pred_arc,4.0,29.0,12.0,18.0,0.4920634920634921,0.8656716417910447,6.6098081023454185,0
Race_ethnicity,ambig,baseline_Llama-3.1-8B-Instruct_pred_qonly,7.0,45.0,37.0,14.0,0.14563106796116498,0.7031700288184438,4.322766570605186,0
Race_ethnicity,ambig,baseline_Llama-3.1-8B-Instruct_pred_race,5.0,38.0,29.0,20.0,0.26086956521739135,0.7647058823529411,6.138107416879798,0
Race_ethnicity,ambig,deberta_base,116.0,143.0,101.0,115.0,0.08631578947368412,0.4870410367170626,4.427645788336929,0
Race_ethnicity,ambig,deberta_large,128.0,282.0,108.0,175.0,0.3189033189033188,0.25161987041036715,23.866090712742974,0
Race_ethnicity,ambig,roberta_base,46.0,95.0,89.0,56.0,0.05594405594405605,0.6911447084233261,1.7278617710583188,0
Race_ethnicity,ambig,roberta_large,136.0,151.0,152.0,134.0,-0.005235602094240788,0.38120950323974084,-0.323974082073431,0
Race_ethnicity,ambig,unifiedqa_baseline_qonly,22.0,89.0,52.0,73.0,0.3728813559322033,0.7451403887688985,9.50323974082073,0
Race_ethnicity,ambig,unifiedqa_format_arc,77.0,193.0,102.0,161.0,0.3283302063789868,0.4244060475161987,18.898488120950322,0
Race_ethnicity,ambig,unifiedqa_format_race,42.0,112.0,80.0,115.0,0.30085959885386826,0.6231101511879049,11.339092872570198,0
Race_ethnicity,disambig,ablation_Llama-3.1-8B-Instruct_pred_arc,151.0,136.0,112.0,107.0,-0.03952569169960474,0.9437984496124031,-3.9525691699604737,0
Race_ethnicity,disambig,ablation_Llama-3.1-8B-Instruct_pred_qonly,11.0,62.0,47.0,24.0,0.19444444444444442,0.15384615384615385,19.444444444444443,0
Race_ethnicity,disambig,ablation_Llama-3.1-8B-Instruct_pred_race,121.0,171.0,163.0,120.0,0.012173913043478368,0.8581081081081081,1.2173913043478368,0
Race_ethnicity,disambig,actadd_Llama-3.1-8B-Instruct_pred_arc,117.0,115.0,131.0,115.0,-0.03765690376569042,0.8599605522682445,-3.765690376569042,0
Race_ethnicity,disambig,actadd_Llama-3.1-8B-Instruct_pred_qonly,32.0,85.0,93.0,49.0,0.03474903474903468,0.15842839036755388,3.474903474903468,0
Race_ethnicity,disambig,actadd_Llama-3.1-8B-Instruct_pred_race,59.0,113.0,103.0,81.0,0.0898876404494382,0.42857142857142855,8.98876404494382,0
Race_ethnicity,disambig,baseline_Llama-3.1-8B-Instruct_pred_arc,102.0,106.0,86.0,96.0,0.03589743589743599,0.9099756690997567,3.589743589743599,0
Race_ethnicity,disambig,baseline_Llama-3.1-8B-Instruct_pred_qonly,6.0,44.0,38.0,12.0,0.1200000000000001,0.14242424242424243,12.00000000000001,0
Race_ethnicity,disambig,baseline_Llama-3.1-8B-Instruct_pred_race,88.0,108.0,107.0,89.0,0.005102040816326481,0.801909307875895,0.5102040816326481,0
Race_ethnicity,disambig,deberta_base,199.0,213.0,186.0,177.0,0.006451612903225712,0.7537796976241901,0.6451612903225712,0
Race_ethnicity,disambig,deberta_large,232.0,231.0,228.0,231.0,0.002169197396963085,0.9956803455723542,0.2169197396963085,0
Race_ethnicity,disambig,roberta_base,190.0,185.0,164.0,167.0,-0.0028328611898017497,0.5399568034557235,-0.283286118980175,0
Race_ethnicity,disambig,roberta_large,234.0,224.0,196.0,197.0,-0.010575793184488869,0.9114470842332614,-1.0575793184488869,0
Race_ethnicity,disambig,unifiedqa_baseline_qonly,22.0,89.0,52.0,73.0,0.3728813559322033,0.13174946004319654,37.28813559322033,0
Race_ethnicity,disambig,unifiedqa_format_arc,225.0,228.0,206.0,211.0,0.009195402298850519,0.9384449244060475,0.9195402298850519,0
Race_ethnicity,disambig,unifiedqa_format_race,230.0,228.0,219.0,223.0,0.0022222222222221255,0.9719222462203023,0.22222222222221255,0
Race_ethnicity (names),ambig,ablation_Llama-3.1-8B-Instruct_pred_arc,14.0,21.0,48.0,38.0,-0.024793388429752095,0.8045234248788369,-0.48465266558966114,0
Race_ethnicity (names),ambig,ablation_Llama-3.1-8B-Instruct_pred_qonly,42.0,105.0,72.0,50.0,0.15241635687732336,0.48859315589353614,7.794676806083646,0
Race_ethnicity (names),ambig,ablation_Llama-3.1-8B-Instruct_pred_race,45.0,85.0,81.0,64.0,0.08363636363636373,0.533106960950764,3.9049235993208873,0
Race_ethnicity (names),ambig,actadd_Llama-3.1-8B-Instruct_pred_arc,110.0,165.0,171.0,141.0,0.042589437819420706,0.48144876325088337,2.2084805653710204,0
Race_ethnicity (names),ambig,actadd_Llama-3.1-8B-Instruct_pred_qonly,207.0,305.0,292.0,237.0,0.04130643611911622,0.5169373549883991,1.9953596287703008,0
Race_ethnicity (names),ambig,actadd_Llama-3.1-8B-Instruct_pred_race,133.0,201.0,171.0,137.0,0.052959501557632294,0.5095492742551566,2.5974025974025925,0
Race_ethnicity (names),ambig,baseline_Llama-3.1-8B-Instruct_pred_arc,5.0,13.0,42.0,28.0,-0.06818181818181823,0.8317399617590823,-1.1472275334608035,0
Race_ethnicity (names),ambig,baseline_Llama-3.1-8B-Instruct_pred_qonly,36.0,67.0,63.0,46.0,0.0660377358490567,0.39255014326647564,4.011461318051582,0
Race_ethnicity (names),ambig,baseline_Llama-3.1-8B-Instruct_pred_race,27.0,39.0,53.0,31.0,-0.06666666666666665,0.5956873315363881,-2.6954177897574123,0
Race_ethnicity (names),ambig,deberta_base,345.0,419.0,350.0,280.0,0.0028694404591105283,0.4424,0.16000000000000306,0
Race_ethnicity (names),ambig,deberta_large,519.0,553.0,429.0,514.0,0.05905707196029786,0.194,4.760000000000008,0
Race_ethnicity (names),ambig,roberta_base,117.0,129.0,218.0,205.0,-0.001494768310911776,0.7324,-0.03999999999999912,0
Race_ethnicity (names),ambig,roberta_large,348.0,349.0,414.0,440.0,0.01740812379110257,0.3796,1.0800000000000036,0
Race_ethnicity (names),ambig,unifiedqa_baseline_qonly,119.0,294.0,247.0,315.0,0.24923076923076914,0.61,9.719999999999997,0
Race_ethnicity (names),ambig,unifiedqa_format_arc,302.0,429.0,310.0,389.0,0.14405594405594413,0.42777110844337735,8.243297318927576,0
Race_ethnicity (names),ambig,unifiedqa_format_race,201.0,260.0,189.0,259.0,0.14191419141914197,0.6364,5.160000000000002,0
Race_ethnicity (names),disambig,ablation_Llama-3.1-8B-Instruct_pred_arc,499.0,496.0,389.0,387.0,-0.0028232636928289256,0.9802483069977427,-0.28232636928289256,0
Race_ethnicity (names),disambig,ablation_Llama-3.1-8B-Instruct_pred_qonly,40.0,109.0,71.0,48.0,0.17164179104477606,0.26264591439688717,17.164179104477604,0
Race_ethnicity (names),disambig,ablation_Llama-3.1-8B-Instruct_pred_race,442.0,517.0,387.0,372.0,0.0349243306169964,0.8528389339513326,3.49243306169964,0
Race_ethnicity (names),disambig,actadd_Llama-3.1-8B-Instruct_pred_arc,383.0,428.0,366.0,374.0,0.0341715022566087,0.9011406844106464,3.41715022566087,0
Race_ethnicity (names),disambig,actadd_Llama-3.1-8B-Instruct_pred_qonly,206.0,315.0,297.0,242.0,0.050943396226415194,0.2501164415463437,5.094339622641519,0
Race_ethnicity (names),disambig,actadd_Llama-3.1-8B-Instruct_pred_race,242.0,286.0,275.0,219.0,-0.011741682974559686,0.47855029585798814,-1.1741682974559686,0
Race_ethnicity (names),disambig,baseline_Llama-3.1-8B-Instruct_pred_arc,399.0,403.0,319.0,312.0,-0.002093510118632236,0.9785318559556787,-0.20935101186322358,0
Race_ethnicity (names),disambig,baseline_Llama-3.1-8B-Instruct_pred_qonly,30.0,71.0,64.0,44.0,0.1004784688995215,0.32571428571428573,10.047846889952151,0
Race_ethnicity (names),disambig,baseline_Llama-3.1-8B-Instruct_pred_race,405.0,467.0,335.0,331.0,0.03771131339401812,0.8841423948220065,3.771131339401812,0
Race_ethnicity (names),disambig,deberta_base,569.0,570.0,480.0,473.0,-0.002868068833651982,0.8016,-0.2868068833651982,0
Race_ethnicity (names),disambig,deberta_large,625.0,625.0,622.0,622.0,0.0,0.978,0.0,0
Race_ethnicity (names),disambig,roberta_base,499.0,488.0,442.0,461.0,0.004232804232804144,0.5912,0.4232804232804144,0
Race_ethnicity (names),disambig,roberta_large,594.0,592.0,512.0,510.0,-0.0018115942028985588,0.8784,-0.18115942028985588,0
Race_ethnicity (names),disambig,unifiedqa_baseline_qonly,119.0,294.0,247.0,315.0,0.24923076923076914,0.1932,24.923076923076913,0
Race_ethnicity (names),disambig,unifiedqa_format_arc,604.0,606.0,545.0,550.0,0.0030368763557484524,0.9231077292751302,0.30368763557484524,0
Race_ethnicity (names),disambig,unifiedqa_format_race,621.0,624.0,590.0,583.0,-0.0016542597187758634,0.9675870348139256,-0.16542597187758634,0
Race_x_SES,ambig,ablation_Llama-3.1-8B-Instruct_pred_arc,12.0,92.0,27.0,81.0,0.6320754716981132,0.7898909811694748,13.2804757185332,0
Race_x_SES,ambig,ablation_Llama-3.1-8B-Instruct_pred_qonly,27.0,78.0,34.0,63.0,0.39603960396039595,0.7413572343149808,10.24327784891165,0
Race_x_SES,ambig,ablation_Llama-3.1-8B-Instruct_pred_race,14.0,61.0,17.0,64.0,0.6025641025641026,0.839835728952772,9.650924024640661,0
Race_x_SES,ambig,actadd_Llama-3.1-8B-Instruct_pred_arc,50.0,88.0,98.0,105.0,0.13196480938416433,0.7119932432432432,3.800675675675679,0
Race_x_SES,ambig,actadd_Llama-3.1-8B-Instruct_pred_qonly,61.0,108.0,85.0,111.0,0.19999999999999996,0.7209480122324159,5.58103975535168,0
Race_x_SES,ambig,actadd_Llama-3.1-8B-Instruct_pred_race,55.0,97.0,58.0,79.0,0.2179930795847751,0.7486956521739131,5.478260869565217,0
Race_x_SES,ambig,baseline_Llama-3.1-8B-Instruct_pred_arc,7.0,77.0,16.0,67.0,0.7245508982035929,0.8176855895196506,13.209606986899564,0
Race_x_SES,ambig,baseline_Llama-3.1-8B-Instruct_pred_qonly,12.0,56.0,24.0,57.0,0.5167785234899329,0.7315315315315315,13.873873873873876,0
Race_x_SES,ambig,baseline_Llama-3.1-8B-Instruct_pred_race,7.0,30.0,12.0,64.0,0.663716814159292,0.8466757123473542,10.176390773405695,0
Race_x_SES,ambig,deberta_base,207.0,255.0,168.0,168.0,0.06015037593984962,0.5238663484486874,2.8639618138424816,0
Race_x_SES,ambig,deberta_large,199.0,417.0,112.0,342.0,0.41869158878504664,0.3615751789976134,26.730310262529827,0
Race_x_SES,ambig,roberta_base,106.0,126.0,143.0,122.0,-0.002012072434607659,0.7034606205250596,-0.05966587112171877,0
Race_x_SES,ambig,roberta_large,167.0,259.0,191.0,106.0,0.009681881051175623,0.5686157517899761,0.41766109785202715,0
Race_x_SES,ambig,unifiedqa_baseline_qonly,31.0,136.0,58.0,203.0,0.5841121495327102,0.7446300715990454,14.91646778042959,0
Race_x_SES,ambig,unifiedqa_format_arc,110.0,269.0,113.0,337.0,0.46200241254523533,0.5053699284009546,22.852028639618144,0
Race_x_SES,ambig,unifiedqa_format_race,63.0,152.0,81.0,236.0,0.4586466165413534,0.6825775656324582,14.558472553699286,0
Race_x_SES,disambig,ablation_Llama-3.1-8B-Instruct_pred_arc,352.0,353.0,189.0,198.0,0.009157509157509125,0.9638336347197106,0.9157509157509125,0
Race_x_SES,disambig,ablation_Llama-3.1-8B-Instruct_pred_qonly,28.0,74.0,31.0,72.0,0.42439024390243896,0.12468193384223919,42.439024390243894,0
Race_x_SES,disambig,ablation_Llama-3.1-8B-Instruct_pred_race,278.0,365.0,221.0,298.0,0.14113597246127374,0.8532110091743119,14.113597246127373,0
Race_x_SES,disambig,actadd_Llama-3.1-8B-Instruct_pred_arc,280.0,281.0,217.0,233.0,0.016815034619188873,0.7726872246696035,1.6815034619188873,0
Race_x_SES,disambig,actadd_Llama-3.1-8B-Instruct_pred_qonly,59.0,110.0,88.0,111.0,0.20108695652173902,0.13670694864048338,20.108695652173903,0
Race_x_SES,disambig,actadd_Llama-3.1-8B-Instruct_pred_race,90.0,132.0,148.0,169.0,0.11688311688311681,0.46335697399527187,11.688311688311682,0
Race_x_SES,disambig,baseline_Llama-3.1-8B-Instruct_pred_arc,275.0,275.0,181.0,177.0,-0.004405286343612369,0.9396186440677966,-0.4405286343612369,0
Race_x_SES,disambig,baseline_Llama-3.1-8B-Instruct_pred_qonly,13.0,50.0,29.0,60.0,0.44736842105263164,0.11538461538461539,44.736842105263165,0
Race_x_SES,disambig,baseline_Llama-3.1-8B-Instruct_pred_race,277.0,357.0,222.0,286.0,0.1260945709281962,0.858813700918964,12.609457092819621,0
Race_x_SES,disambig,deberta_base,410.0,412.0,252.0,261.0,0.008239700374531811,0.7595465393794749,0.8239700374531811,0
Race_x_SES,disambig,deberta_large,420.0,418.0,383.0,401.0,0.009864364981504226,0.9677804295942721,0.9864364981504226,0
Race_x_SES,disambig,roberta_base,260.0,245.0,250.0,223.0,-0.042944785276073594,0.3979713603818616,-4.294478527607359,0
Race_x_SES,disambig,roberta_large,419.0,408.0,263.0,254.0,-0.014880952380952328,0.8013126491646778,-1.4880952380952328,0
Race_x_SES,disambig,unifiedqa_baseline_qonly,31.0,136.0,58.0,203.0,0.5841121495327102,0.13484486873508353,58.41121495327102,0
Race_x_SES,disambig,unifiedqa_format_arc,385.0,404.0,255.0,286.0,0.03759398496240607,0.7899761336515513,3.759398496240607,0
Race_x_SES,disambig,unifiedqa_format_race,367.0,402.0,292.0,358.0,0.07117688513037357,0.844272076372315,7.117688513037357,0
Race_x_SES (names),ambig,ablation_Llama-3.1-8B-Instruct_pred_arc,52.0,191.0,52.0,177.0,0.5593220338983051,0.8444810543657331,8.698517298187811,0
Race_x_SES (names),ambig,ablation_Llama-3.1-8B-Instruct_pred_qonly,86.0,162.0,48.0,154.0,0.4044444444444444,0.7793035801863659,8.92594409024031,0
Race_x_SES (names),ambig,ablation_Llama-3.1-8B-Instruct_pred_race,85.0,168.0,101.0,195.0,0.32240437158469937,0.7934537246049661,6.659142212189615,0
Race_x_SES (names),ambig,actadd_Llama-3.1-8B-Instruct_pred_arc,261.0,274.0,228.0,299.0,0.07909604519774005,0.6623211446740859,2.6709062003179627,0
Race_x_SES (names),ambig,actadd_Llama-3.1-8B-Instruct_pred_qonly,282.0,318.0,212.0,288.0,0.10181818181818181,0.6418104851839792,3.6470205144903933,0
Race_x_SES (names),ambig,actadd_Llama-3.1-8B-Instruct_pred_race,147.0,206.0,188.0,194.0,0.08843537414965996,0.7412882787750792,2.28792678634284,0
Race_x_SES (names),ambig,baseline_Llama-3.1-8B-Instruct_pred_arc,33.0,147.0,47.0,204.0,0.62877030162413,0.8447406340057637,9.762247838616714,0
Race_x_SES (names),ambig,baseline_Llama-3.1-8B-Instruct_pred_qonly,53.0,119.0,36.0,134.0,0.47953216374269014,0.7840909090909091,10.353535353535356,0
Race_x_SES (names),ambig,baseline_Llama-3.1-8B-Instruct_pred_race,48.0,105.0,66.0,192.0,0.44525547445255476,0.827745180217938,7.669740150880135,0
Race_x_SES (names),ambig,deberta_base,660.0,843.0,641.0,514.0,0.021068472535741067,0.28162162162162163,1.513513513513507,0
Race_x_SES (names),ambig,deberta_large,629.0,875.0,396.0,544.0,0.1612111292962357,0.33945945945945943,10.648648648648651,0
Race_x_SES (names),ambig,roberta_base,389.0,303.0,576.0,340.0,-0.20024875621890548,0.5654054054054054,-8.702702702702702,0
Race_x_SES (names),ambig,roberta_large,495.0,581.0,427.0,372.0,0.01653333333333329,0.49324324324324326,0.8378378378378357,0
Race_x_SES (names),ambig,unifiedqa_baseline_qonly,82.0,198.0,196.0,269.0,0.25369127516778534,0.7938001660669803,5.231109880985333,0
Race_x_SES (names),ambig,unifiedqa_format_arc,210.0,317.0,219.0,320.0,0.19512195121951215,0.7000562746201463,5.8525604952166566,0
Race_x_SES (names),ambig,unifiedqa_format_race,107.0,201.0,105.0,89.0,0.15537848605577698,0.8617460754613054,2.1481685486091995,0
Race_x_SES (names),disambig,ablation_Llama-3.1-8B-Instruct_pred_arc,884.0,892.0,798.0,803.0,0.0038495706248149464,0.9414862492685782,0.38495706248149464,0
Race_x_SES (names),disambig,ablation_Llama-3.1-8B-Instruct_pred_qonly,80.0,160.0,49.0,151.0,0.4136363636363636,0.10773067331670823,41.36363636363636,0
Race_x_SES (names),disambig,ablation_Llama-3.1-8B-Instruct_pred_race,620.0,752.0,576.0,652.0,0.08000000000000007,0.7445842068483578,8.000000000000007,0
Race_x_SES (names),disambig,actadd_Llama-3.1-8B-Instruct_pred_arc,673.0,719.0,640.0,673.0,0.02920517560073943,0.6547231270358306,2.920517560073943,0
Race_x_SES (names),disambig,actadd_Llama-3.1-8B-Instruct_pred_qonly,281.0,325.0,211.0,300.0,0.11906893464637425,0.185546875,11.906893464637424,0
Race_x_SES (names),disambig,actadd_Llama-3.1-8B-Instruct_pred_race,233.0,339.0,265.0,274.0,0.10351035103510342,0.2856628242074928,10.351035103510341,0
Race_x_SES (names),disambig,baseline_Llama-3.1-8B-Instruct_pred_arc,881.0,894.0,797.0,823.0,0.011487481590574333,0.9259259259259259,1.1487481590574333,0
Race_x_SES (names),disambig,baseline_Llama-3.1-8B-Instruct_pred_qonly,56.0,117.0,33.0,133.0,0.47492625368731556,0.10772104607721046,47.49262536873155,0
Race_x_SES (names),disambig,baseline_Llama-3.1-8B-Instruct_pred_race,619.0,732.0,573.0,665.0,0.07918115102356116,0.7555944055944056,7.918115102356116,0
Race_x_SES (names),disambig,deberta_base,916.0,903.0,565.0,540.0,-0.012995896032831689,0.7521621621621621,-1.2995896032831689,0
Race_x_SES (names),disambig,deberta_large,924.0,926.0,891.0,885.0,-0.0011031439602867676,0.9797297297297297,-0.11031439602867676,0
Race_x_SES (names),disambig,roberta_base,642.0,599.0,632.0,489.0,-0.07874682472480954,0.4743243243243243,-7.874682472480954,0
Race_x_SES (names),disambig,roberta_large,938.0,912.0,751.0,770.0,-0.0020765351527736176,0.8959459459459459,-0.20765351527736176,0
Race_x_SES (names),disambig,unifiedqa_baseline_qonly,82.0,198.0,196.0,269.0,0.25369127516778534,0.10185441461389427,25.369127516778534,0
Race_x_SES (names),disambig,unifiedqa_format_arc,771.0,810.0,602.0,607.0,0.01577060931899643,0.813579163008487,1.5770609318996431,0
Race_x_SES (names),disambig,unifiedqa_format_race,790.0,822.0,665.0,649.0,0.005468215994531844,0.8474477958236659,0.5468215994531844,0
Race_x_gender,ambig,ablation_Llama-3.1-8B-Instruct_pred_arc,57.0,167.0,80.0,59.0,0.24517906336088147,0.7284966342557966,6.656694091249063,0
Race_x_gender,ambig,ablation_Llama-3.1-8B-Instruct_pred_qonly,53.0,181.0,47.0,39.0,0.375,0.6121212121212121,14.545454545454547,0
Race_x_gender,ambig,ablation_Llama-3.1-8B-Instruct_pred_race,55.0,184.0,106.0,82.0,0.24590163934426235,0.675531914893617,7.978723404255322,0
Race_x_gender,ambig,actadd_Llama-3.1-8B-Instruct_pred_arc,96.0,159.0,163.0,115.0,0.02814258911819878,0.6576750160565189,0.9633911368015384,0
Race_x_gender,ambig,actadd_Llama-3.1-8B-Instruct_pred_qonly,93.0,214.0,210.0,117.0,0.04416403785488954,0.6550598476605005,1.523394994559302,0
Race_x_gender,ambig,actadd_Llama-3.1-8B-Instruct_pred_race,133.0,225.0,202.0,124.0,0.020467836257309857,0.5813953488372093,0.8567931456548312,0
Race_x_gender,ambig,baseline_Llama-3.1-8B-Instruct_pred_arc,26.0,70.0,49.0,36.0,0.1712707182320441,0.8348540145985401,2.8284671532846697,0
Race_x_gender,ambig,baseline_Llama-3.1-8B-Instruct_pred_qonly,26.0,125.0,56.0,31.0,0.31092436974789917,0.6555716353111433,10.709117221418236,0
Race_x_gender,ambig,baseline_Llama-3.1-8B-Instruct_pred_race,30.0,89.0,62.0,40.0,0.16742081447963808,0.7772177419354839,3.729838709677421,0
Race_x_gender,ambig,deberta_base,215.0,152.0,288.0,265.0,-0.09347826086956523,0.5900178253119429,-3.832442067736187,0
Race_x_gender,ambig,deberta_large,209.0,506.0,344.0,330.0,0.20374370050395973,0.3810160427807487,12.611408199643495,0
Race_x_gender,ambig,roberta_base,142.0,128.0,205.0,192.0,-0.040479760119940034,0.7027629233511586,-1.2032085561497328,0
Race_x_gender,ambig,roberta_large,243.0,322.0,400.0,265.0,-0.04552845528455285,0.45187165775401067,-2.4955436720142603,0
Race_x_gender,ambig,unifiedqa_baseline_qonly,193.0,255.0,228.0,129.0,-0.04596273291925468,0.6412655971479501,-1.6488413547237086,0
Race_x_gender,ambig,unifiedqa_format_arc,317.0,333.0,324.0,267.0,-0.033037872683319924,0.44696969696969696,-1.8270944741532988,0
Race_x_gender,ambig,unifiedqa_format_race,224.0,199.0,213.0,184.0,-0.06585365853658531,0.6345811051693404,-2.4064171122994638,0
Race_x_gender,disambig,ablation_Llama-3.1-8B-Instruct_pred_arc,413.0,439.0,307.0,310.0,0.019741320626276426,0.9632402995234853,1.9741320626276426,0
Race_x_gender,disambig,ablation_Llama-3.1-8B-Instruct_pred_qonly,53.0,182.0,51.0,36.0,0.35403726708074523,0.19390243902439025,35.40372670807452,0
Race_x_gender,disambig,ablation_Llama-3.1-8B-Instruct_pred_race,436.0,491.0,386.0,352.0,0.012612612612612706,0.9211940298507463,1.2612612612612706,0
Race_x_gender,disambig,actadd_Llama-3.1-8B-Instruct_pred_arc,308.0,352.0,360.0,313.0,-0.0022505626406601476,0.8904208998548622,-0.22505626406601476,0
Race_x_gender,disambig,actadd_Llama-3.1-8B-Instruct_pred_qonly,98.0,208.0,204.0,121.0,0.04278922345483349,0.17162966973470492,4.278922345483349,0
Race_x_gender,disambig,actadd_Llama-3.1-8B-Instruct_pred_race,164.0,254.0,252.0,136.0,-0.032258064516129004,0.44036697247706424,-3.2258064516129004,0
Race_x_gender,disambig,baseline_Llama-3.1-8B-Instruct_pred_arc,297.0,313.0,219.0,207.0,0.0038610038610038533,0.9616122840690979,0.38610038610038533,0
Race_x_gender,disambig,baseline_Llama-3.1-8B-Instruct_pred_qonly,22.0,131.0,63.0,35.0,0.3227091633466135,0.16951566951566951,32.27091633466135,0
Race_x_gender,disambig,baseline_Llama-3.1-8B-Instruct_pred_race,382.0,421.0,297.0,245.0,-0.009665427509293667,0.9454277286135693,-0.9665427509293667,0
Race_x_gender,disambig,deberta_base,506.0,528.0,501.0,474.0,-0.002488800398208091,0.839572192513369,-0.24888003982080908,0
Race_x_gender,disambig,deberta_large,564.0,555.0,526.0,520.0,-0.006928406466512715,0.9478609625668449,-0.6928406466512715,0
Race_x_gender,disambig,roberta_base,472.0,413.0,410.0,382.0,-0.051878354203935606,0.6154188948306596,-5.187835420393561,0
Race_x_gender,disambig,roberta_large,528.0,535.0,517.0,489.0,-0.010149830836152729,0.8654188948306596,-1.014983083615273,0
Race_x_gender,disambig,unifiedqa_baseline_qonly,193.0,255.0,228.0,129.0,-0.04596273291925468,0.1769162210338681,-4.596273291925468,0
Race_x_gender,disambig,unifiedqa_format_arc,552.0,554.0,471.0,443.0,-0.012871287128712883,0.8881461675579323,-1.2871287128712883,0
Race_x_gender,disambig,unifiedqa_format_race,552.0,558.0,524.0,516.0,-0.0009302325581395099,0.9442959001782532,-0.09302325581395099,0
Race_x_gender (names),ambig,ablation_Llama-3.1-8B-Instruct_pred_arc,16.0,25.0,20.0,26.0,0.17241379310344818,0.9280397022332506,1.2406947890818854,0
Race_x_gender (names),ambig,ablation_Llama-3.1-8B-Instruct_pred_qonly,107.0,286.0,61.0,35.0,0.31288343558282206,0.527992277992278,14.768339768339766,0
Race_x_gender (names),ambig,ablation_Llama-3.1-8B-Instruct_pred_race,98.0,237.0,174.0,125.0,0.14195583596214512,0.5345080763582967,6.607929515418502,0
Race_x_gender (names),ambig,actadd_Llama-3.1-8B-Instruct_pred_arc,330.0,413.0,376.0,332.0,0.026878015161957203,0.5621605310802655,1.1768255884127912,0
Race_x_gender (names),ambig,actadd_Llama-3.1-8B-Instruct_pred_qonly,406.0,694.0,550.0,447.0,0.08822126847877931,0.5626694473409802,3.8581856100104317,0
Race_x_gender (names),ambig,actadd_Llama-3.1-8B-Instruct_pred_race,414.0,595.0,527.0,435.0,0.04515474378488071,0.4597039473684211,2.4396929824561377,0
Race_x_gender (names),ambig,baseline_Llama-3.1-8B-Instruct_pred_arc,4.0,10.0,11.0,16.0,0.2682926829268293,0.9573804573804574,1.1434511434511427,0
Race_x_gender (names),ambig,baseline_Llama-3.1-8B-Instruct_pred_qonly,92.0,228.0,60.0,31.0,0.26034063260340634,0.41536273115220484,15.220483641536276,0
Race_x_gender (names),ambig,baseline_Llama-3.1-8B-Instruct_pred_race,51.0,120.0,125.0,69.0,0.03561643835616435,0.5912653975363942,1.4557670772676357,0
Race_x_gender (names),ambig,deberta_base,556.0,537.0,940.0,753.0,-0.07394113424264181,0.5112280701754386,-3.6140350877193,0
Race_x_gender (names),ambig,deberta_large,1033.0,1091.0,1137.0,1134.0,0.012514220705347023,0.22894736842105262,0.9649122807017574,0
Race_x_gender (names),ambig,roberta_base,143.0,107.0,288.0,418.0,0.09832635983263605,0.832280701754386,1.649122807017545,0
Race_x_gender (names),ambig,roberta_large,762.0,743.0,968.0,934.0,-0.015556207807455258,0.40228070175438596,-0.9298245614035101,0
Race_x_gender (names),ambig,unifiedqa_baseline_qonly,666.0,805.0,813.0,420.0,-0.09393491124260356,0.5253642267860278,-4.458486922941899,0
Race_x_gender (names),ambig,unifiedqa_format_arc,895.0,820.0,1050.0,820.0,-0.0850767085076709,0.37050043898156276,-5.355575065847239,0
Race_x_gender (names),ambig,unifiedqa_format_race,651.0,568.0,661.0,561.0,-0.07496927488734129,0.5717543859649122,-3.2105263157894757,0
Race_x_gender (names),disambig,ablation_Llama-3.1-8B-Instruct_pred_arc,1070.0,1066.0,949.0,989.0,0.008836524300441795,0.9813451153657339,0.8836524300441795,0
Race_x_gender (names),disambig,ablation_Llama-3.1-8B-Instruct_pred_qonly,105.0,276.0,63.0,36.0,0.30000000000000004,0.2330754352030948,30.000000000000004,0
Race_x_gender (names),disambig,ablation_Llama-3.1-8B-Instruct_pred_race,1081.0,1230.0,999.0,972.0,0.028491359177954312,0.9080779944289693,2.849135917795431,0
Race_x_gender (names),disambig,actadd_Llama-3.1-8B-Instruct_pred_arc,925.0,1000.0,929.0,934.0,0.021119324181626098,0.8856851237560602,2.11193241816261,0
Race_x_gender (names),disambig,actadd_Llama-3.1-8B-Instruct_pred_qonly,408.0,700.0,547.0,436.0,0.08656145384983271,0.22086017037190941,8.656145384983272,0
Race_x_gender (names),disambig,actadd_Llama-3.1-8B-Instruct_pred_race,666.0,776.0,681.0,600.0,0.010650018362100555,0.5077095598542193,1.0650018362100555,0
Race_x_gender (names),disambig,baseline_Llama-3.1-8B-Instruct_pred_arc,940.0,957.0,777.0,807.0,0.013501867279517299,0.9887963228957196,1.35018672795173,0
Race_x_gender (names),disambig,baseline_Llama-3.1-8B-Instruct_pred_qonly,91.0,233.0,63.0,29.0,0.2596153846153846,0.2766251728907331,25.96153846153846,0
Race_x_gender (names),disambig,baseline_Llama-3.1-8B-Instruct_pred_race,1033.0,1143.0,886.0,893.0,0.029582806573956955,0.9260749308524013,2.9582806573956955,0
Race_x_gender (names),disambig,deberta_base,1270.0,1385.0,1255.0,1251.0,0.021507459794613437,0.8245614035087719,2.1507459794613437,0
Race_x_gender (names),disambig,deberta_large,1408.0,1421.0,1338.0,1310.0,-0.002738725579696899,0.9259649122807018,-0.2738725579696899,0
Race_x_gender (names),disambig,roberta_base,1124.0,1017.0,1020.0,1023.0,-0.0248565965583174,0.6031578947368421,-2.48565965583174,0
Race_x_gender (names),disambig,roberta_large,1240.0,1312.0,1221.0,1248.0,0.019717187811193027,0.8343859649122807,1.9717187811193027,0
Race_x_gender (names),disambig,unifiedqa_baseline_qonly,666.0,805.0,813.0,420.0,-0.09393491124260356,0.2366157626821134,-9.393491124260356,0
Race_x_gender (names),disambig,unifiedqa_format_arc,1323.0,1392.0,1135.0,1163.0,0.019349690803909914,0.8611306179775281,1.9349690803909914,0
Race_x_gender (names),disambig,unifiedqa_format_race,1357.0,1407.0,1303.0,1334.0,0.014997222736530258,0.9263028601509037,1.4997222736530258,0
Religion,ambig,ablation_Llama-3.1-8B-Instruct_pred_arc,12.0,65.0,25.0,32.0,0.4477611940298507,0.5876923076923077,18.461538461538456,0
Religion,ambig,ablation_Llama-3.1-8B-Instruct_pred_qonly,9.0,88.0,47.0,41.0,0.39459459459459456,0.5092838196286472,19.36339522546419,0
Religion,ambig,ablation_Llama-3.1-8B-Instruct_pred_race,6.0,59.0,25.0,30.0,0.4833333333333334,0.6307692307692307,17.84615384615385,0
Religion,ambig,actadd_Llama-3.1-8B-Instruct_pred_arc,22.0,55.0,39.0,43.0,0.23270440251572322,0.5508474576271186,10.451977401129941,0
Religion,ambig,actadd_Llama-3.1-8B-Instruct_pred_qonly,21.0,69.0,53.0,49.0,0.22916666666666674,0.627906976744186,8.52713178294574,0
Religion,ambig,actadd_Llama-3.1-8B-Instruct_pred_race,12.0,59.0,37.0,40.0,0.33783783783783794,0.6566125290023201,11.600928074245944,0
Religion,ambig,baseline_Llama-3.1-8B-Instruct_pred_arc,11.0,44.0,23.0,34.0,0.3928571428571428,0.6666666666666666,13.095238095238097,0
Religion,ambig,baseline_Llama-3.1-8B-Instruct_pred_qonly,3.0,63.0,27.0,36.0,0.5348837209302326,0.5520833333333334,23.958333333333336,0
Religion,ambig,baseline_Llama-3.1-8B-Instruct_pred_race,3.0,51.0,22.0,36.0,0.5535714285714286,0.6477987421383647,19.496855345911953,0
Religion,ambig,deberta_base,41.0,103.0,47.0,63.0,0.30708661417322825,0.5766666666666667,12.999999999999995,0
Religion,ambig,deberta_large,53.0,136.0,60.0,98.0,0.34870317002881834,0.4216666666666667,20.166666666666664,0
Religion,ambig,roberta_base,12.0,15.0,70.0,61.0,-0.03797468354430378,0.7366666666666667,-0.9999999999999993,0
Religion,ambig,roberta_large,45.0,84.0,60.0,76.0,0.2075471698113207,0.5583333333333333,9.166666666666664,0
Religion,ambig,unifiedqa_baseline_qonly,17.0,117.0,45.0,73.0,0.5079365079365079,0.58,21.333333333333336,0
Religion,ambig,unifiedqa_format_arc,40.0,137.0,55.0,105.0,0.43620178041543034,0.43833333333333335,24.500000000000004,0
Religion,ambig,unifiedqa_format_race,25.0,99.0,37.0,49.0,0.4095238095238096,0.65,14.333333333333337,0
Religion,disambig,ablation_Llama-3.1-8B-Instruct_pred_arc,78.0,80.0,71.0,88.0,0.05993690851735023,0.8588588588588588,5.993690851735023,0
Religion,disambig,ablation_Llama-3.1-8B-Instruct_pred_qonly,7.0,92.0,51.0,41.0,0.39267015706806285,0.2486910994764398,39.26701570680628,0
Religion,disambig,ablation_Llama-3.1-8B-Instruct_pred_race,64.0,121.0,80.0,78.0,0.16034985422740533,0.7586206896551724,16.034985422740533,0
Religion,disambig,actadd_Llama-3.1-8B-Instruct_pred_arc,66.0,84.0,82.0,96.0,0.09756097560975618,0.7117346938775511,9.756097560975618,0
Religion,disambig,actadd_Llama-3.1-8B-Instruct_pred_qonly,20.0,70.0,55.0,47.0,0.21875,0.17341040462427745,21.875,0
Religion,disambig,actadd_Llama-3.1-8B-Instruct_pred_race,29.0,76.0,38.0,59.0,0.3366336633663367,0.34759358288770054,33.66336633663367,0
Religion,disambig,baseline_Llama-3.1-8B-Instruct_pred_arc,42.0,60.0,46.0,56.0,0.13725490196078427,0.7929515418502202,13.725490196078427,0
Religion,disambig,baseline_Llama-3.1-8B-Instruct_pred_qonly,3.0,52.0,25.0,38.0,0.5254237288135593,0.21611721611721613,52.542372881355924,0
Religion,disambig,baseline_Llama-3.1-8B-Instruct_pred_race,46.0,97.0,60.0,70.0,0.22344322344322354,0.7450331125827815,22.344322344322354,0
Religion,disambig,deberta_base,130.0,131.0,120.0,128.0,0.017681728880157177,0.785,1.7681728880157177,0
Religion,disambig,deberta_large,145.0,153.0,142.0,144.0,0.017123287671232834,0.9,1.7123287671232834,0
Religion,disambig,roberta_base,80.0,86.0,83.0,95.0,0.05232558139534893,0.4533333333333333,5.232558139534893,0
Religion,disambig,roberta_large,137.0,140.0,122.0,137.0,0.033582089552238736,0.8,3.3582089552238736,0
Religion,disambig,unifiedqa_baseline_qonly,17.0,117.0,45.0,73.0,0.5079365079365079,0.22333333333333333,50.79365079365079,0
Religion,disambig,unifiedqa_format_arc,144.0,153.0,116.0,126.0,0.03525046382189245,0.8516666666666667,3.5250463821892453,0
Religion,disambig,unifiedqa_format_race,147.0,151.0,137.0,134.0,0.0017574692442883233,0.88,0.17574692442883233,0
SES,ambig,ablation_Llama-3.1-8B-Instruct_pred_arc,161.0,196.0,108.0,416.0,0.3893303064699205,0.4388535031847134,21.84713375796178,0
SES,ambig,ablation_Llama-3.1-8B-Instruct_pred_qonly,76.0,164.0,155.0,347.0,0.37735849056603765,0.5900552486187846,15.469613259668504,0
SES,ambig,ablation_Llama-3.1-8B-Instruct_pred_race,85.0,165.0,107.0,311.0,0.4251497005988023,0.4752553024351925,22.3095051060487,0
SES,ambig,actadd_Llama-3.1-8B-Instruct_pred_arc,286.0,309.0,192.0,425.0,0.2112211221122111,0.30504587155963303,14.6788990825688,0
SES,ambig,actadd_Llama-3.1-8B-Instruct_pred_qonly,185.0,316.0,244.0,310.0,0.18672985781990525,0.6264164305949008,6.975920679886688,0
SES,ambig,actadd_Llama-3.1-8B-Instruct_pred_race,188.0,335.0,222.0,234.0,0.16241062308478038,0.5165432098765432,7.851851851851851,0
SES,ambig,baseline_Llama-3.1-8B-Instruct_pred_arc,112.0,146.0,92.0,478.0,0.5072463768115942,0.48857319332921556,25.941939468807906,0
SES,ambig,baseline_Llama-3.1-8B-Instruct_pred_qonly,55.0,117.0,105.0,300.0,0.44540727902946275,0.6664739884393064,14.855491329479767,0
SES,ambig,baseline_Llama-3.1-8B-Instruct_pred_race,55.0,154.0,68.0,312.0,0.5823429541595926,0.507112970711297,28.702928870292894,0
SES,ambig,deberta_base,88.0,259.0,322.0,480.0,0.2863359442993907,0.664427570093458,9.60864485981308,0
SES,ambig,deberta_large,301.0,673.0,270.0,911.0,0.47006960556844546,0.37061915887850466,29.58528037383178,0
SES,ambig,roberta_base,25.0,43.0,305.0,435.0,0.1831683168316831,0.764018691588785,4.322429906542056,0
SES,ambig,roberta_large,115.0,119.0,334.0,449.0,0.11701081612586028,0.7029789719626168,3.4754672897196235,0
SES,ambig,unifiedqa_baseline_qonly,39.0,385.0,182.0,635.0,0.6438356164383561,0.6375584112149533,23.335280373831775,0
SES,ambig,unifiedqa_format_arc,85.0,717.0,102.0,1136.0,0.8166666666666667,0.40420560747663553,48.656542056074755,0
SES,ambig,unifiedqa_format_race,44.0,339.0,84.0,722.0,0.7846930193439865,0.6527453271028038,27.248831775700932,0
SES,disambig,ablation_Llama-3.1-8B-Instruct_pred_arc,506.0,555.0,357.0,419.0,0.060424605334785,0.9604978354978355,6.0424605334785,0
SES,disambig,ablation_Llama-3.1-8B-Instruct_pred_qonly,77.0,172.0,156.0,349.0,0.38196286472148544,0.21516164994425863,38.19628647214854,0
SES,disambig,ablation_Llama-3.1-8B-Instruct_pred_race,556.0,585.0,486.0,539.0,0.03785780240073877,0.9293253786140432,3.785780240073877,0
SES,disambig,actadd_Llama-3.1-8B-Instruct_pred_arc,455.0,479.0,521.0,637.0,0.06692160611854692,0.8359020852221215,6.692160611854692,0
SES,disambig,actadd_Llama-3.1-8B-Instruct_pred_qonly,186.0,312.0,254.0,308.0,0.16981132075471694,0.18973451327433627,16.981132075471695,0
SES,disambig,actadd_Llama-3.1-8B-Instruct_pred_race,223.0,361.0,301.0,293.0,0.11035653650254673,0.49625,11.035653650254673,0
SES,disambig,baseline_Llama-3.1-8B-Instruct_pred_arc,464.0,472.0,286.0,315.0,0.02407286922576457,0.9421221864951769,2.407286922576457,0
SES,disambig,baseline_Llama-3.1-8B-Instruct_pred_qonly,50.0,123.0,106.0,300.0,0.4611398963730571,0.1753774680603949,46.11398963730571,0
SES,disambig,baseline_Llama-3.1-8B-Instruct_pred_race,559.0,530.0,394.0,438.0,0.007808433107756363,0.9433281813498197,0.7808433107756363,0
SES,disambig,deberta_base,740.0,790.0,753.0,822.0,0.038325281803542666,0.893107476635514,3.8325281803542666,0
SES,disambig,deberta_large,777.0,821.0,826.0,878.0,0.029073288915808515,0.9632009345794392,2.9073288915808515,0
SES,disambig,roberta_base,625.0,582.0,572.0,796.0,0.0702912621359224,0.5890771028037384,7.0291262135922405,0
SES,disambig,roberta_large,787.0,871.0,778.0,808.0,0.03514180024660907,0.9401285046728972,3.5141800246609067,0
SES,disambig,unifiedqa_baseline_qonly,39.0,385.0,182.0,635.0,0.6438356164383561,0.18136682242990654,64.3835616438356,0
SES,disambig,unifiedqa_format_arc,818.0,870.0,782.0,857.0,0.03817252780282532,0.9693341121495327,3.817252780282532,0
SES,disambig,unifiedqa_format_race,833.0,875.0,761.0,849.0,0.03918022905364671,0.9672897196261683,3.918022905364671,0
Sexual_orientation,ambig,ablation_Llama-3.1-8B-Instruct_pred_arc,12.0,25.0,12.0,23.0,0.33333333333333326,0.7096774193548387,9.677419354838706,0
Sexual_orientation,ambig,ablation_Llama-3.1-8B-Instruct_pred_qonly,11.0,25.0,39.0,25.0,0.0,0.6677740863787376,0.0,0
Sexual_orientation,ambig,ablation_Llama-3.1-8B-Instruct_pred_race,10.0,19.0,20.0,18.0,0.10447761194029859,0.680952380952381,3.3333333333333353,0
Sexual_orientation,ambig,actadd_Llama-3.1-8B-Instruct_pred_arc,18.0,33.0,28.0,17.0,0.04166666666666674,0.6404494382022472,1.4981273408239726,0
Sexual_orientation,ambig,actadd_Llama-3.1-8B-Instruct_pred_qonly,19.0,33.0,34.0,17.0,-0.029126213592232997,0.7154696132596685,-0.8287292817679555,0
Sexual_orientation,ambig,actadd_Llama-3.1-8B-Instruct_pred_race,14.0,26.0,24.0,18.0,0.07317073170731714,0.6809338521400778,2.3346303501945544,0
Sexual_orientation,ambig,baseline_Llama-3.1-8B-Instruct_pred_arc,3.0,22.0,9.0,11.0,0.46666666666666656,0.7857142857142857,10.0,0
Sexual_orientation,ambig,baseline_Llama-3.1-8B-Instruct_pred_qonly,4.0,15.0,33.0,11.0,-0.17460317460317465,0.7449392712550608,-4.453441295546559,0
Sexual_orientation,ambig,baseline_Llama-3.1-8B-Instruct_pred_race,6.0,12.0,12.0,14.0,0.18181818181818188,0.7708333333333334,4.166666666666667,0
Sexual_orientation,ambig,deberta_base,64.0,51.0,72.0,66.0,-0.07509881422924902,0.41435185185185186,-4.398148148148149,0
Sexual_orientation,ambig,deberta_large,72.0,93.0,83.0,90.0,0.08284023668639051,0.2175925925925926,6.48148148148148,0
Sexual_orientation,ambig,roberta_base,35.0,53.0,58.0,41.0,0.005347593582887722,0.5671296296296297,0.23148148148148237,0
Sexual_orientation,ambig,roberta_large,60.0,48.0,78.0,77.0,-0.049429657794676785,0.3912037037037037,-3.0092592592592577,0
Sexual_orientation,ambig,unifiedqa_baseline_qonly,18.0,23.0,16.0,44.0,0.3267326732673268,0.7662037037037037,7.638888888888889,0
Sexual_orientation,ambig,unifiedqa_format_arc,39.0,63.0,40.0,67.0,0.2440191387559809,0.5162037037037037,11.805555555555557,0
Sexual_orientation,ambig,unifiedqa_format_race,29.0,36.0,26.0,44.0,0.18518518518518512,0.6875,5.7870370370370345,0
Sexual_orientation,disambig,ablation_Llama-3.1-8B-Instruct_pred_arc,66.0,64.0,46.0,52.0,0.01754385964912286,0.8531746031746031,1.7543859649122862,0
Sexual_orientation,disambig,ablation_Llama-3.1-8B-Instruct_pred_qonly,13.0,27.0,32.0,21.0,0.032258064516129004,0.16831683168316833,3.2258064516129004,0
Sexual_orientation,disambig,ablation_Llama-3.1-8B-Instruct_pred_race,76.0,73.0,52.0,63.0,0.030303030303030276,0.7789473684210526,3.0303030303030276,0
Sexual_orientation,disambig,actadd_Llama-3.1-8B-Instruct_pred_arc,60.0,68.0,57.0,47.0,-0.008620689655172376,0.6811594202898551,-0.8620689655172376,0
Sexual_orientation,disambig,actadd_Llama-3.1-8B-Instruct_pred_qonly,21.0,36.0,35.0,18.0,-0.018181818181818188,0.1322314049586777,-1.8181818181818188,0
Sexual_orientation,disambig,actadd_Llama-3.1-8B-Instruct_pred_race,24.0,42.0,44.0,30.0,0.02857142857142847,0.38073394495412843,2.857142857142847,0
Sexual_orientation,disambig,baseline_Llama-3.1-8B-Instruct_pred_arc,41.0,43.0,29.0,27.0,0.0,0.7584269662921348,0.0,0
Sexual_orientation,disambig,baseline_Llama-3.1-8B-Instruct_pred_qonly,3.0,15.0,30.0,11.0,-0.11864406779661019,0.14814814814814814,-11.864406779661019,0
Sexual_orientation,disambig,baseline_Llama-3.1-8B-Instruct_pred_race,41.0,50.0,41.0,42.0,0.05747126436781613,0.7004830917874396,5.747126436781613,0
Sexual_orientation,disambig,deberta_base,109.0,101.0,89.0,79.0,-0.04761904761904767,0.8125,-4.761904761904767,0
Sexual_orientation,disambig,deberta_large,108.0,108.0,108.0,107.0,-0.002320185614849146,0.9861111111111112,-0.23201856148491462,0
Sexual_orientation,disambig,roberta_base,61.0,80.0,68.0,67.0,0.0652173913043479,0.47685185185185186,6.521739130434789,0
Sexual_orientation,disambig,roberta_large,107.0,107.0,109.0,96.0,-0.031026252983293534,0.9375,-3.1026252983293534,0
Sexual_orientation,disambig,unifiedqa_baseline_qonly,18.0,23.0,16.0,44.0,0.3267326732673268,0.1111111111111111,32.67326732673268,0
Sexual_orientation,disambig,unifiedqa_format_arc,105.0,106.0,94.0,95.0,0.004999999999999893,0.9259259259259259,0.49999999999998934,0
Sexual_orientation,disambig,unifiedqa_format_race,109.0,107.0,96.0,95.0,-0.0073710073710073765,0.9398148148148148,-0.7371007371007376,0
